Index,Thailand (Local),Thailand (E.164),Philippines (Local),Philippines (E.164),Singapore (Local),Singapore (E.164)
1,080-390-2352,+66803902352,0918-076-6264,+639180766264,8395-7937,+6583957937
2,097-861-9464,+66978619464,0918-806-0417,+639188060417,9739-6265,+6597396265
3,098-643-5829,+66986435829,0945-051-6368,+639450516368,9866-5298,+6598665298
4,098-326-8396,+66983268396,0977-728-1651,+639777281651,8684-4245,+6586844245
5,090-758-6045,+66907586045,0945-526-8934,+639455268934,8774-1054,+6587741054
6,095-942-1496,+66959421496,0945-003-8578,+639450038578,8722-6301,+6587226301
7,092-635-9821,+66926359821,0922-820-2757,+639228202757,9009-7941,+6590097941
8,099-189-3578,+66991893578,0920-885-4437,+639208854437,9817-8345,+6598178345
9,096-651-7804,+66966517804,0927-579-6903,+639275796903,8311-3436,+6583113436
10,097-936-1779,+66979361779,0998-568-1983,+639985681983,9318-5588,+6593185588
11,096-228-8526,+66962288526,0998-654-6846,+639986546846,8859-8050,+6588598050
12,092-066-9224,+66920669224,0918-446-9765,+639184469765,9242-5162,+6592425162
13,091-718-6547,+66917186547,0945-367-1530,+639453671530,8454-8583,+6584548583
14,094-605-4705,+66946054705,0927-859-5633,+639278595633,8486-4535,+6584864535
15,086-628-5537,+66866285537,0927-634-8957,+639276348957,8297-7425,+6582977425
16,095-463-4776,+66954634776,0920-062-3791,+639200623791,9770-6651,+6597706651
17,092-184-8437,+66921848437,0977-543-4559,+639775434559,8232-3603,+6582323603
18,080-161-0145,+66801610145,0956-680-6587,+639566806587,9097-7871,+6590977871
19,086-799-8668,+66867998668,0956-661-2539,+639566612539,8577-1877,+6585771877
20,090-864-8531,+66908648531,0956-987-0437,+639569870437,9175-2407,+6591752407
21,090-201-0459,+66902010459,0977-905-2120,+639779052120,9670-8880,+6596708880
22,093-922-0865,+66939220865,0956-769-1198,+639567691198,8529-6546,+6585296546
23,086-597-1017,+66865971017,0920-692-0783,+639206920783,9117-6892,+6591176892
24,091-881-1415,+66918811415,0977-116-6104,+639771166104,9145-9937,+6591459937
25,086-104-2161,+66861042161,0939-201-8765,+639392018765,8325-1832,+6583251832
26,091-042-2407,+66910422407,0918-467-2599,+639184672599,9177-8477,+6591778477
27,095-830-0949,+66958300949,0918-507-7023,+639185077023,9455-3899,+6594553899
28,097-347-4650,+66973474650,0998-916-5051,+639989165051,9411-4677,+6594114677
29,080-473-5996,+66804735996,0945-561-9411,+639455619411,8814-4791,+6588144791
30,090-794-1507,+66907941507,0945-621-1502,+639456211502,8327-9492,+6583279492
31,099-026-7583,+66990267583,0918-271-9283,+639182719283,9850-4398,+6598504398
32,093-114-9041,+66931149041,0998-431-8444,+639984318444,9107-5980,+6591075980
33,093-862-4378,+66938624378,0956-866-6221,+639568666221,8306-1062,+6583061062
34,092-911-8406,+66929118406,0927-389-5606,+639273895606,8780-8484,+6587808484
35,090-479-2687,+66904792687,0917-776-1049,+639177761049,9751-5960,+6597515960
36,082-759-8276,+66827598276,0918-693-2508,+639186932508,9149-6605,+6591496605
37,090-630-8614,+66906308614,0935-247-9837,+639352479837,8129-8406,+6581298406
38,089-232-0075,+66892320075,0977-366-2568,+639773662568,9400-5225,+6594005225
39,097-361-6975,+66973616975,0956-162-3450,+639561623450,8815-9969,+6588159969
40,082-014-9870,+66820149870,0927-280-3617,+639272803617,9697-6185,+6596976185
41,099-033-5310,+66990335310,0917-683-1230,+639176831230,8625-2445,+6586252445
42,090-390-2627,+66903902627,0998-635-7412,+639986357412,9675-7621,+6596757621
43,080-420-9437,+66804209437,0917-580-7789,+639175807789,9082-2771,+6590822771
44,098-360-1535,+66983601535,0977-262-0947,+639772620947,8671-9911,+6586719911
45,099-855-9730,+66998559730,0920-644-8315,+639206448315,9619-7837,+6596197837
46,092-175-8459,+66921758459,0945-080-4726,+639450804726,8273-7994,+6582737994
47,091-437-1972,+66914371972,0956-109-5979,+639561095979,9536-9828,+6595369828
48,096-417-2860,+66964172860,0939-889-8419,+639398898419,8663-5753,+6586635753
49,093-730-0402,+66937300402,0998-020-9570,+639980209570,8586-9583,+6585869583
50,082-941-5673,+66829415673,0945-594-6678,+639455946678,9768-7800,+6597687800
51,093-930-7339,+66939307339,0917-115-0818,+639171150818,9212-7141,+6592127141
52,082-794-0581,+66827940581,0918-207-9488,+639182079488,9075-5212,+6590755212
53,091-610-4035,+66916104035,0998-425-7004,+639984257004,9106-9086,+6591069086
54,081-597-0450,+66815970450,0918-997-7024,+639189977024,9738-9536,+6597389536
55,097-489-0352,+66974890352,0935-843-3673,+639358433673,8648-2283,+6586482283
56,095-218-2727,+66952182727,0920-710-0559,+639207100559,8811-4164,+6588114164
57,080-609-3163,+66806093163,0939-009-8223,+639390098223,9159-5345,+6591595345
58,096-020-1989,+66960201989,0920-500-2011,+639205002011,8370-4043,+6583704043
59,090-543-7953,+66905437953,0956-072-7432,+639560727432,8507-5029,+6585075029
60,095-718-5825,+66957185825,0945-477-9051,+639454779051,9276-5185,+6592765185
61,080-035-1152,+66800351152,0998-627-4777,+639986274777,9878-7646,+6598787646
62,081-074-0416,+66810740416,0956-122-0843,+639561220843,8169-1591,+6581691591
63,099-629-9717,+66996299717,0956-170-1728,+639561701728,8378-3596,+6583783596
64,099-383-5247,+66993835247,0918-202-7324,+639182027324,9849-5601,+6598495601
65,081-393-9877,+66813939877,0927-561-8080,+639275618080,8684-1759,+6586841759
66,089-629-5705,+66896295705,0922-620-6505,+639226206505,9433-8217,+6594338217
67,089-425-4057,+66894254057,0927-726-5594,+639277265594,9518-5757,+6595185757
68,099-005-9746,+66990059746,0956-642-7142,+639566427142,9404-4779,+6594044779
69,093-966-6659,+66939666659,0918-043-1559,+639180431559,8471-5470,+6584715470
70,090-729-4438,+66907294438,0939-826-7975,+639398267975,9361-2494,+6593612494
71,080-707-7975,+66807077975,0935-613-2638,+639356132638,8461-1998,+6584611998
72,098-381-6143,+66983816143,0917-886-5054,+639178865054,9681-4196,+6596814196
73,094-416-5219,+66944165219,0918-489-8000,+639184898000,9475-7713,+6594757713
74,081-685-8405,+66816858405,0917-765-9593,+639177659593,8770-7025,+6587707025
75,097-108-3290,+66971083290,0945-721-4261,+639457214261,8468-9483,+6584689483
76,092-513-9875,+66925139875,0998-216-2500,+639982162500,9177-4387,+6591774387
77,099-875-1860,+66998751860,0917-017-0897,+639170170897,8162-0762,+6581620762
78,090-787-5564,+66907875564,0945-333-1988,+639453331988,8618-2811,+6586182811
79,095-905-1300,+66959051300,0935-007-5457,+639350075457,8211-8821,+6582118821
80,090-155-0164,+66901550164,0945-750-7798,+639457507798,9744-3031,+6597443031
81,089-815-6728,+66898156728,0977-069-9449,+639770699449,9671-7786,+6596717786
82,094-269-0535,+66942690535,0945-432-8105,+639454328105,9786-9921,+6597869921
83,097-576-6262,+66975766262,0922-333-6291,+639223336291,8711-4163,+6587114163
84,086-240-8705,+66862408705,0917-677-5805,+639176775805,8665-5022,+6586655022
85,082-557-1228,+66825571228,0956-716-2450,+639567162450,8612-1456,+6586121456
86,080-733-4145,+66807334145,0917-124-6462,+639171246462,9205-9709,+6592059709
87,095-935-7284,+66959357284,0977-671-0717,+639776710717,9447-5477,+6594475477
88,080-842-4663,+66808424663,0917-870-2811,+639178702811,9797-2284,+6597972284
89,095-435-4282,+66954354282,0927-489-1627,+639274891627,9432-9005,+6594329005
90,099-881-3338,+66998813338,0935-225-0157,+639352250157,8201-8782,+6582018782
91,093-793-5659,+66937935659,0998-971-9330,+639989719330,9007-4341,+6590074341
92,097-319-8859,+66973198859,0945-340-4079,+639453404079,9723-3178,+6597233178
93,092-569-2872,+66925692872,0922-620-4734,+639226204734,8611-8132,+6586118132
94,086-579-4661,+66865794661,0927-802-1828,+639278021828,9035-7565,+6590357565
95,092-216-3667,+66922163667,0939-430-3829,+639394303829,9293-5038,+6592935038
96,081-088-8203,+66810888203,0917-630-8347,+639176308347,9060-7579,+6590607579
97,089-852-5987,+66898525987,0998-630-8689,+639986308689,9548-2135,+6595482135
98,094-406-4197,+66944064197,0917-503-7942,+639175037942,9845-7334,+6598457334
99,096-096-8390,+66960968390,0977-858-6488,+639778586488,8420-4491,+6584204491
100,082-586-2334,+66825862334,0922-492-4202,+639224924202,9670-9552,+6596709552
101,095-696-7595,+66956967595,0945-265-0940,+639452650940,8256-1102,+6582561102
102,097-283-6185,+66972836185,0935-510-6116,+639355106116,9422-8253,+6594228253
103,080-291-4173,+66802914173,0920-762-2472,+639207622472,9828-0820,+6598280820
104,080-617-5543,+66806175543,0917-902-6633,+639179026633,9344-7637,+6593447637
105,080-274-5204,+66802745204,0945-209-1352,+639452091352,8849-0345,+6588490345
106,095-306-9327,+66953069327,0939-846-7233,+639398467233,8826-9752,+6588269752
107,099-391-1585,+66993911585,0977-420-4913,+639774204913,9510-0806,+6595100806
108,086-143-7198,+66861437198,0939-853-2367,+639398532367,8176-3831,+6581763831
109,081-919-7309,+66819197309,0918-393-5101,+639183935101,9062-8944,+6590628944
110,090-079-8059,+66900798059,0918-397-7511,+639183977511,8170-7654,+6581707654
111,080-915-4420,+66809154420,0998-661-2511,+639986612511,8740-2989,+6587402989
112,098-851-0195,+66988510195,0922-866-4638,+639228664638,8386-5105,+6583865105
113,090-755-0107,+66907550107,0927-082-9869,+639270829869,9039-7971,+6590397971
114,080-735-3332,+66807353332,0956-530-1363,+639565301363,8859-7002,+6588597002
115,081-048-0858,+66810480858,0922-477-5322,+639224775322,8522-3308,+6585223308
116,082-463-4915,+66824634915,0977-872-5842,+639778725842,9648-7137,+6596487137
117,091-359-8938,+66913598938,0956-783-6013,+639567836013,9420-6117,+6594206117
118,093-178-2974,+66931782974,0939-288-6785,+639392886785,9375-9737,+6593759737
119,092-730-9730,+66927309730,0917-799-1454,+639177991454,9088-9202,+6590889202
120,089-516-3484,+66895163484,0998-717-9074,+639987179074,8686-8090,+6586868090
121,095-573-0301,+66955730301,0939-732-0238,+639397320238,9090-3094,+6590903094
122,092-767-0696,+66927670696,0922-743-0156,+639227430156,9721-6656,+6597216656
123,090-559-9502,+66905599502,0935-701-2660,+639357012660,9523-7356,+6595237356
124,096-256-5150,+66962565150,0956-618-1817,+639566181817,9350-0472,+6593500472
125,081-564-5520,+66815645520,0945-170-3160,+639451703160,9729-5309,+6597295309
126,082-344-9455,+66823449455,0998-656-3245,+639986563245,9499-3912,+6594993912
127,091-611-4229,+66916114229,0920-041-9066,+639200419066,8230-3351,+6582303351
128,098-671-0300,+66986710300,0945-864-8407,+639458648407,9216-8854,+6592168854
129,094-673-8163,+66946738163,0956-358-4178,+639563584178,9172-7660,+6591727660
130,090-487-1558,+66904871558,0917-775-6769,+639177756769,8378-6475,+6583786475
131,096-994-5149,+66969945149,0977-581-4947,+639775814947,8542-9091,+6585429091
132,093-118-0791,+66931180791,0939-678-3528,+639396783528,9047-8267,+6590478267
133,082-359-5203,+66823595203,0939-917-4334,+639399174334,8894-8858,+6588948858
134,082-036-9737,+66820369737,0922-389-0353,+639223890353,8898-5057,+6588985057
135,099-390-0234,+66993900234,0939-031-4769,+639390314769,8335-3461,+6583353461
136,094-468-2546,+66944682546,0998-895-4551,+639988954551,9452-6136,+6594526136
137,082-624-3232,+66826243232,0977-056-8775,+639770568775,8130-6254,+6581306254
138,089-193-6060,+66891936060,0945-476-0452,+639454760452,8763-7887,+6587637887
139,095-872-6589,+66958726589,0922-834-0018,+639228340018,9517-3753,+6595173753
140,081-506-9065,+66815069065,0927-056-3124,+639270563124,9322-6138,+6593226138
141,093-688-2137,+66936882137,0920-413-5246,+639204135246,8714-4090,+6587144090
142,080-512-6372,+66805126372,0918-264-6474,+639182646474,8117-9839,+6581179839
143,089-993-0552,+66899930552,0945-362-2087,+639453622087,8364-3747,+6583643747
144,080-419-0607,+66804190607,0917-981-9471,+639179819471,9710-3219,+6597103219
145,090-003-7529,+66900037529,0920-521-8852,+639205218852,8459-5885,+6584595885
146,081-693-8429,+66816938429,0977-991-7309,+639779917309,8570-8222,+6585708222
147,090-365-5778,+66903655778,0918-061-3031,+639180613031,8115-9847,+6581159847
148,091-731-3778,+66917313778,0939-903-8094,+639399038094,9097-3149,+6590973149
149,099-540-7903,+66995407903,0939-284-9518,+639392849518,9466-3632,+6594663632
150,081-634-6330,+66816346330,0922-488-0184,+639224880184,8427-7906,+6584277906
151,096-781-0223,+66967810223,0927-966-7709,+639279667709,9116-6004,+6591166004
152,086-018-8099,+66860188099,0927-036-3686,+639270363686,8843-8986,+6588438986
153,093-153-3534,+66931533534,0935-853-7700,+639358537700,8240-5021,+6582405021
154,093-015-8545,+66930158545,0920-182-9275,+639201829275,8450-1042,+6584501042
155,093-437-7859,+66934377859,0918-669-4301,+639186694301,8898-0110,+6588980110
156,082-339-7723,+66823397723,0917-002-7471,+639170027471,9644-1360,+6596441360
157,090-228-8977,+66902288977,0917-037-4607,+639170374607,9181-7761,+6591817761
158,096-789-0394,+66967890394,0922-118-3776,+639221183776,8280-3427,+6582803427
159,099-595-2185,+66995952185,0998-075-9678,+639980759678,9890-8805,+6598908805
160,089-807-0572,+66898070572,0920-066-1438,+639200661438,8401-7943,+6584017943
161,091-968-8344,+66919688344,0917-314-3190,+639173143190,8151-9291,+6581519291
162,098-714-6250,+66987146250,0922-014-5841,+639220145841,8487-7034,+6584877034
163,089-722-3974,+66897223974,0935-324-3555,+639353243555,8470-1494,+6584701494
164,089-248-5852,+66892485852,0998-125-1873,+639981251873,8722-9632,+6587229632
165,082-258-2358,+66822582358,0935-693-2995,+639356932995,8270-5394,+6582705394
166,097-961-4482,+66979614482,0998-172-8842,+639981728842,8472-4125,+6584724125
167,081-802-2506,+66818022506,0922-793-6556,+639227936556,9559-5242,+6595595242
168,082-556-7812,+66825567812,0956-222-8690,+639562228690,9011-9697,+6590119697
169,089-190-8653,+66891908653,0956-802-7940,+639568027940,9800-9801,+6598009801
170,082-447-8027,+66824478027,0945-368-7470,+639453687470,9384-5784,+6593845784
171,081-793-5127,+66817935127,0977-545-0157,+639775450157,9563-7468,+6595637468
172,096-948-1967,+66969481967,0998-856-7778,+639988567778,9542-7057,+6595427057
173,082-519-8952,+66825198952,0977-671-5569,+639776715569,8627-5069,+6586275069
174,093-539-8268,+66935398268,0917-979-9972,+639179799972,8868-0580,+6588680580
175,086-736-9953,+66867369953,0956-052-3724,+639560523724,9679-0346,+6596790346
176,080-027-8065,+66800278065,0956-991-2067,+639569912067,9428-7610,+6594287610
177,099-235-3530,+66992353530,0956-625-4603,+639566254603,8745-9307,+6587459307
178,097-148-7935,+66971487935,0920-259-6500,+639202596500,8663-6685,+6586636685
179,091-146-2633,+66911462633,0935-090-5903,+639350905903,8285-3026,+6582853026
180,082-613-9459,+66826139459,0920-269-6990,+639202696990,8153-3109,+6581533109
181,095-896-4399,+66958964399,0920-409-2302,+639204092302,9217-1413,+6592171413
182,089-711-7873,+66897117873,0956-588-8132,+639565888132,9311-3001,+6593113001
183,089-191-3388,+66891913388,0922-355-7891,+639223557891,8351-1416,+6583511416
184,080-144-1890,+66801441890,0945-915-0066,+639459150066,9127-3028,+6591273028
185,096-051-8183,+66960518183,0920-580-4240,+639205804240,9224-3996,+6592243996
186,086-778-8499,+66867788499,0956-944-0905,+639569440905,8847-8440,+6588478440
187,096-524-4036,+66965244036,0956-425-2373,+639564252373,9637-0189,+6596370189
188,096-566-5072,+66965665072,0945-141-9240,+639451419240,8481-0562,+6584810562
189,092-785-7850,+66927857850,0939-177-4841,+639391774841,8258-0085,+6582580085
190,095-946-4524,+66959464524,0939-714-4241,+639397144241,9397-8667,+6593978667
191,099-250-0662,+66992500662,0922-432-6306,+639224326306,9185-6464,+6591856464
192,081-667-3286,+66816673286,0939-389-1503,+639393891503,9798-7209,+6597987209
193,096-629-4999,+66966294999,0927-500-0612,+639275000612,8412-5452,+6584125452
194,092-389-3443,+66923893443,0920-549-6881,+639205496881,9357-3568,+6593573568
195,096-023-8326,+66960238326,0935-239-3858,+639352393858,8109-1386,+6581091386
196,089-251-5754,+66892515754,0956-258-2874,+639562582874,9818-4113,+6598184113
197,086-483-6923,+66864836923,0939-162-7160,+639391627160,9164-9733,+6591649733
198,095-552-9474,+66955529474,0917-893-3582,+639178933582,8193-1543,+6581931543
199,093-892-8255,+66938928255,0917-312-9157,+639173129157,9501-5458,+6595015458
200,090-539-6948,+66905396948,0927-420-5039,+639274205039,9836-7837,+6598367837
